{
  "version": 2,
  "timestamp": "2025-12-13T07:08:36.186402-05:00",
  "config": {
    "edits": 50,
    "warmup": 3,
    "runs": 3
  },
  "vendors": {
    "cursor": {
      "PostFileChange": {
        "p50": 176.966,
        "p95": 190.66825,
        "max": 195.225792,
        "samples": 150
      },
      "PreFileChange": {
        "p50": 16.983333,
        "p95": 18.399874999999998,
        "max": 244.366583,
        "samples": 150
      },
      "PrePrompt": {
        "p50": 3.6065419999999997,
        "p95": 3.670834,
        "max": 3.670834,
        "samples": 3
      },
      "PostResponse": {
        "p50": 5.285833,
        "p95": 5.445875,
        "max": 5.445875,
        "samples": 3
      },
      "PostResponse+Autoreply": {
        "p50": 3.9849580000000002,
        "p95": 4.442749999999999,
        "max": 4.442749999999999,
        "samples": 3
      }
    },
    "claude-code": {
      "PostResponse+Autoreply": {
        "p50": 3.46175,
        "p95": 3.702292,
        "max": 3.702292,
        "samples": 3
      },
      "PostResponse": {
        "p50": 4.539167,
        "p95": 5.125333,
        "max": 5.125333,
        "samples": 3
      },
      "PreFileChange": {
        "p50": 15.318666,
        "p95": 17.328209,
        "max": 18.160417000000002,
        "samples": 150
      },
      "PostFileChange": {
        "p50": 138.490666,
        "p95": 178.125041,
        "max": 190.407708,
        "samples": 150
      },
      "PrePrompt": {
        "p50": 3.857542,
        "p95": 4.4145,
        "max": 4.4145,
        "samples": 3
      },
      "SessionStart": {
        "p50": 114.475959,
        "p95": 126.26658299999998,
        "max": 126.26658299999998,
        "samples": 3
      }
    }
  },
  "shared": {
    "PrepareCommitMessage": {
      "p50": 12.831292,
      "p95": 14.055290999999999,
      "max": 14.055290999999999,
      "samples": 3
    }
  },
  "queries": {
    "blame_ms": 17.307291,
    "authors_ms": 14.275125
  },
  "total_ms": 54200.034416999995
}