{
  "version": 2,
  "timestamp": "2025-12-11T19:25:39.976560-05:00",
  "config": {
    "edits": 3,
    "warmup": 3,
    "runs": 3
  },
  "vendors": {
    "claude-code": {
      "PreFileChange": {
        "p50": 16.543542000000002,
        "p95": 17.644042,
        "max": 17.644042,
        "samples": 9
      },
      "PostFileChange": {
        "p50": 120.976417,
        "p95": 128.87562499999999,
        "max": 128.87562499999999,
        "samples": 9
      },
      "SessionStart": {
        "p50": 110.97820899999999,
        "p95": 113.490833,
        "max": 113.490833,
        "samples": 3
      },
      "PrePrompt": {
        "p50": 3.28975,
        "p95": 3.401459,
        "max": 3.401459,
        "samples": 3
      },
      "PostResponse": {
        "p50": 4.574292,
        "p95": 4.609709,
        "max": 4.609709,
        "samples": 3
      },
      "PostResponse+Autoreply": {
        "p50": 3.48075,
        "p95": 3.624625,
        "max": 3.624625,
        "samples": 3
      }
    },
    "cursor": {
      "PostResponse+Autoreply": {
        "p50": 3.3685,
        "p95": 3.493417,
        "max": 3.493417,
        "samples": 3
      },
      "PreFileChange": {
        "p50": 17.513583,
        "p95": 154.318041,
        "max": 154.318041,
        "samples": 9
      },
      "PrePrompt": {
        "p50": 3.052291,
        "p95": 3.137125,
        "max": 3.137125,
        "samples": 3
      },
      "PostResponse": {
        "p50": 4.133,
        "p95": 4.393167,
        "max": 4.393167,
        "samples": 3
      },
      "PostFileChange": {
        "p50": 122.932125,
        "p95": 130.312125,
        "max": 130.312125,
        "samples": 9
      }
    }
  },
  "shared": {
    "PrepareCommitMessage": {
      "p50": 10.342542,
      "p95": 10.83,
      "max": 10.83,
      "samples": 3
    }
  },
  "queries": {
    "blame_ms": 5.384,
    "authors_ms": 11.361125
  },
  "total_ms": 3849.0888330000002
}