{
  "version": 2,
  "timestamp": "2025-12-13T08:13:50.761577-05:00",
  "config": {
    "edits": 50,
    "warmup": 3,
    "runs": 3
  },
  "vendors": {
    "cursor": {
      "PrePrompt": {
        "p50": 4.459417,
        "p95": 4.466417,
        "max": 4.466417,
        "samples": 3
      },
      "PostFileChange": {
        "p50": 166.231667,
        "p95": 177.146625,
        "max": 193.11775,
        "samples": 150
      },
      "PostResponse+Autoreply": {
        "p50": 3.660542,
        "p95": 3.8265000000000002,
        "max": 3.8265000000000002,
        "samples": 3
      },
      "PreFileChange": {
        "p50": 16.327959,
        "p95": 17.671125,
        "max": 196.12133300000002,
        "samples": 150
      },
      "PostResponse": {
        "p50": 4.594958,
        "p95": 4.781874999999999,
        "max": 4.781874999999999,
        "samples": 3
      }
    },
    "claude-code": {
      "SessionStart": {
        "p50": 112.237875,
        "p95": 126.40633400000002,
        "max": 126.40633400000002,
        "samples": 3
      },
      "PostResponse+Autoreply": {
        "p50": 3.580625,
        "p95": 4.272334,
        "max": 4.272334,
        "samples": 3
      },
      "PrePrompt": {
        "p50": 3.803334,
        "p95": 4.263541,
        "max": 4.263541,
        "samples": 3
      },
      "PostResponse": {
        "p50": 4.5567910000000005,
        "p95": 4.808667,
        "max": 4.808667,
        "samples": 3
      },
      "PostFileChange": {
        "p50": 135.261292,
        "p95": 170.11533300000002,
        "max": 188.676917,
        "samples": 150
      },
      "PreFileChange": {
        "p50": 15.343625,
        "p95": 17.307416999999997,
        "max": 18.697708,
        "samples": 150
      }
    }
  },
  "shared": {
    "PrepareCommitMessage": {
      "p50": 12.083584,
      "p95": 12.61725,
      "max": 12.61725,
      "samples": 3
    }
  },
  "queries": {
    "blame_ms": 16.422041,
    "authors_ms": 13.385042
  },
  "total_ms": 51964.488875
}