{
  "version": 2,
  "timestamp": "2026-01-07T07:41:38.618505-05:00",
  "config": {
    "edits": 50,
    "warmup": 3,
    "runs": 3
  },
  "vendors": {
    "claude-code": {
      "response.received": {
        "p50": 3.842875,
        "p95": 5.388292,
        "max": 5.388292,
        "samples": 3
      },
      "response.received+autoreply": {
        "p50": 3.43025,
        "p95": 3.650458,
        "max": 3.650458,
        "samples": 3
      },
      "change.completed": {
        "p50": 130.18883300000002,
        "p95": 152.137375,
        "max": 165.23825,
        "samples": 150
      },
      "session.started": {
        "p50": 103.94066600000001,
        "p95": 125.593333,
        "max": 125.593333,
        "samples": 3
      },
      "prompt.submitted": {
        "p50": 3.2969589999999998,
        "p95": 3.709584,
        "max": 3.709584,
        "samples": 3
      },
      "change.permission_asked": {
        "p50": 13.303333,
        "p95": 14.818458,
        "max": 15.766542000000001,
        "samples": 150
      }
    },
    "cursor": {
      "response.received+autoreply": {
        "p50": 2.245083,
        "p95": 2.571292,
        "max": 2.571292,
        "samples": 3
      },
      "change.permission_asked": {
        "p50": 2.2599590000000003,
        "p95": 2.457458,
        "max": 2.854042,
        "samples": 150
      },
      "change.completed": {
        "p50": 2.254709,
        "p95": 2.460708,
        "max": 2.709917,
        "samples": 150
      },
      "prompt.submitted": {
        "p50": 2.830583,
        "p95": 2.865959,
        "max": 2.865959,
        "samples": 3
      },
      "response.received": {
        "p50": 2.163875,
        "p95": 2.202833,
        "max": 2.202833,
        "samples": 3
      }
    }
  },
  "shared": {
    "commit.message_started": {
      "p50": 9.742916000000001,
      "p95": 9.957959,
      "max": 9.957959,
      "samples": 3
    }
  },
  "queries": {
    "blame_ms": 10.238000000000001,
    "authors_ms": 18.922625
  },
  "total_ms": 23493.460458
}